{
    "loss": 3.7168662548065186,
    "accuracy": 0.568965494632721
}